Subject,mean_sentiment,n_feedback,rank_score
Happy Hour,1.0,4,1.6094379124341003
Oldy but goody,1.0,3,1.3862943611198906
Happy holidays,1.0,3,1.3862943611198906
RE: Good Morning,1.0,3,1.3862943611198906
RE: Good Morning!!,1.0,3,1.3862943611198906
RE: Happy Hour,1.0,3,1.3862943611198906
Re: Good Morning,1.0,3,1.3862943611198906
Re: Happy Hour,1.0,3,1.3862943611198906
FW: Happy Hour,1.0,2,1.0986122886681098
Happy Holidays from HighSchoolAlumni.com!,1.0,2,1.0986122886681098
Fwd: Who really loves beer?,1.0,1,0.6931471805599453
Potential employment opportunities with Enron,1.0,1,0.6931471805599453
Good Beer drinkers game!,1.0,1,0.6931471805599453
Latest & Greatest Agendas,1.0,1,0.6931471805599453
Now HERE is a good lawsuit...,1.0,1,0.6931471805599453
Happy Birthday Don Jr.,1.0,1,0.6931471805599453
"EB-27-C-2- Associate Luncheon w/SB, GP, MP (Associates: Boon Lua,
 Edosa Obayagbona, Michael Mattox, Nadeem Abdullah, Shruti Gandhi-Gupta,
 Vikram Abhyankar, Sarah Goodpastor, Jennifer Smith, Jon Henderlong, Sunjay
 Arya, (Teseo Bergoglio-N/A-Brazil)",1.0,1,0.6931471805599453
Happy New Year - No Y2K Fear!,1.0,1,0.6931471805599453
"Re: Diversity/OLER Open House: Now Friday, April 27, 2001 from 9
 a.m. to 3 p.m. in EBH49c1; drop by anytime to learn about Diversity/OLER
 and enjoy some refreshments",1.0,1,0.6931471805599453
Re: HAPPY BIRTHDAY,1.0,1,0.6931471805599453
phone #,0.0,1,0.0
model,0.0,1,0.0
mdea imbalance,0.0,1,0.0
liquids curve validation,0.0,1,0.0
quad cities,0.0,2,0.0
summary status of the comments,0.0,1,0.0
testing....,0.0,2,0.0
the ballot,0.0,1,0.0
this is funny,0.0,2,0.0
tkts,0.0,2,0.0
trade,0.0,4,0.0
trading in India,0.0,1,0.0
turn up volume first & open with care,0.0,1,0.0
updated budget for doorstep,0.0,1,0.0
updated presentation for MF,0.0,1,0.0
vacation plans,0.0,4,0.0
wassup,0.0,1,0.0
what's up (or down) in Cin markets,0.0,3,0.0
(No Subject),0.0,141,0.0
latest MG integration plan,0.0,1,0.0
Additions to Attendee List for Dallas ASE,0.0,3,0.0
Agua Dulce and Thompsonville Products,0.0,1,0.0
AirCard Activation,0.0,4,0.0
Alexander McElreath 24hr Trader,0.0,3,0.0
Alexander McElreath-Real time,0.0,1,0.0
"Allegheny Energy Supply Company LLC - Merrill Lynch Capital
 Services, Inc.",0.0,3,0.0
Allegheny Power Guidelines Update,0.0,2,0.0
Ameren Services Company,0.0,2,0.0
An Enron win against MISO!,0.0,2,0.0
5 X 24,0.0,1,0.0
8/17/2000 DPR,0.0,1,0.0
8/7/2001 HE 23,0.0,1,0.0
8:30 AM Tuesday Risk Meeting,0.0,1,0.0
<<Concur Expense Document>> - Baseball Game,0.0,1,0.0
<<Concur Expense Document>> - Monthly Cellular Bill,0.0,1,0.0
A note on PMA's,0.0,1,0.0
Associate & Analyst Program Survey,0.0,1,0.0
Associate Starting,0.0,2,0.0
Associate/Analyst Fall Recruiting,0.0,1,0.0
Associates PRC Meeting,0.0,2,0.0
Associates PRC Meeting Cancelled,0.0,1,0.0
Atlantic City Electric Company,0.0,3,0.0
Attendees for Wednesday night's dinner at Cafe Annie's,0.0,1,0.0
Austin,0.0,4,0.0
Austin?,0.0,1,0.0
Accomplishments,0.0,2,0.0
Accomplishments - First Half of 2000,0.0,3,0.0
Accomplishments for 2000,0.0,1,0.0
Action Requested:  Past Due Invoice,0.0,1,0.0
Action from last Doorstep meeting,0.0,1,0.0
Added Role,0.0,1,0.0
Addition,0.0,1,0.0
Background  for Hourly Positions,0.0,2,0.0
Bankruptcy,0.0,3,0.0
Bearkadette Schedule,0.0,5,0.0
Bet,0.0,2,0.0
Bid/Offer,0.0,2,0.0
Bjornson,0.0,2,0.0
Blank form,0.0,1,0.0
Body Shop Deductions for UBS Employees,0.0,1,0.0
Book Administrator's for EGM,0.0,2,0.0
Analyst Hiring Needs,0.0,1,0.0
Another Move Up the Career Ladder,0.0,2,0.0
Another Vac. request,0.0,3,0.0
Approval to release salary averages to Lisa Cousino,0.0,2,0.0
Arch Takedown,0.0,2,0.0
"Ash Grove Cement Company, East Bay Municipal Utilitity District",0.0,2,0.0
Asset Marketing,0.0,2,0.0
CCV Assoc. Mtg. Monday,0.0,1,0.0
CFA Reimbursement,0.0,2,0.0
CG&E Agreements,0.0,3,0.0
CNN Breaking News,0.0,1,0.0
CONGRATULATIONS,0.0,2,0.0
Caledonia unavailable,0.0,2,0.0
Call Laddie for house party:,0.0,2,0.0
Calling all Texas Exes...,0.0,1,0.0
Canadian Promotions/Trip,0.0,2,0.0
Ava @ Hyatt / Enron @ A Glance,0.0,1,0.0
BBALL,0.0,1,0.0
BJ,0.0,1,0.0
BO Origination April 2001.ppt,0.0,1,0.0
BOOKEDOUT ERCOT SCHEDULE(WR TO RHLP) ISO 9095,0.0,1,0.0
BRUTAL,0.0,2,0.0
Bachelor Party,0.0,1,0.0
Check-out with PECO,0.0,1,0.0
Christine Walton Resume,0.0,1,0.0
"Christmas Sing-a-Long - from Larry, Julie, Cody and Zack",0.0,1,0.0
Cigar Aficionado Account Service,0.0,2,0.0
Cin 2000,0.0,1,0.0
City of Shasta Lake,0.0,2,0.0
Clarification,0.0,1,0.0
"Clear Lake at sunset, saturday",0.0,1,0.0
ClickAtHome - MSN Internet Service Available,0.0,1,0.0
Book Administrators - Gas,0.0,1,0.0
Boots,0.0,1,0.0
Bracket,0.0,1,0.0
Breakfast Reception with Dan McCarty - Fx Ctr,0.0,1,0.0
Business Risk Management,0.0,1,0.0
Buy DVD via ColumbiaHouse.com,0.0,2,0.0
CAISO Notice: August 31 Distributed Generation Meeting,0.0,1,0.0
Commissioner.COM trade decision,0.0,2,0.0
CommodityLogic documents,0.0,2,0.0
Commonwealth Energy Corporation,0.0,1,0.0
"Communication of Deferral Plan Status for Active and Inactive
 Employees",0.0,1,0.0
Communications Workshop,0.0,1,0.0
Computer,0.0,1,0.0
Conference Call on Wednesday morning,0.0,1,0.0
Conference Update,0.0,1,0.0
Congrats,0.0,1,0.0
Candidate Contact Information,0.0,1,0.0
Carolina Power & Light Company and Florida Power Corporation,0.0,1,0.0
Carthage GAS DAILY MONTHLY INDEX,0.0,1,0.0
Central Illinois Light Company,0.0,1,0.0
Chad Starnes,0.0,1,0.0
Change in firm redirect policy,0.0,1,0.0
Cheapest Long Distance - NO CATCH!,0.0,2,0.0
Contractor List,0.0,2,0.0
Cool Sailing Pics,0.0,2,0.0
Copier Commitment Information Requested,0.0,1,0.0
"Coral Power, LLC",0.0,1,0.0
Credit Jobs,0.0,1,0.0
Credit Review Meeting EB13C2,0.0,1,0.0
Credit Watch List--4/23/01,0.0,1,0.0
Cruise,0.0,1,0.0
DCB Passwords,0.0,1,0.0
ClickAtHome Pilot 3 - Last Day to speak with Dell,0.0,2,0.0
Clickpaper Review,0.0,1,0.0
"Coffee & Donuts, Friday 8:00 - 9:00 a.m.",0.0,1,0.0
ComEd and Cinergy Markets,0.0,1,0.0
Coming to London,0.0,1,0.0
Commissioner.COM E-Reports for Y2KG 11/13/00,0.0,2,0.0
Commissioner.COM Transaction Request,0.0,5,0.0
Data Integrity,0.0,1,0.0
Dave Kopel on NRO,0.0,1,0.0
Day of the Trader - Las Vegas,0.0,1,0.0
Days Out of Office,0.0,2,0.0
Dayton Power & Light; Sempra Energy Trading,0.0,2,0.0
Dean Laurent and Joe Errigo,0.0,1,0.0
Dec Schedule,0.0,1,0.0
December Course Offerings,0.0,1,0.0
December Newsletter - Free CD with any order!,0.0,1,0.0
Congrats!,0.0,1,0.0
Congratulations,0.0,9,0.0
Congratulations!,0.0,7,0.0
Connecticut Municipal Electric Energy Cooperative,0.0,3,0.0
Consolidated Global Standards 12/18/00,0.0,1,0.0
Continental Power Transmission,0.0,1,0.0
Contract System Review - EB 4102,0.0,1,0.0
Dinner,0.0,1,0.0
Dinner Friday,0.0,2,0.0
Dinner Tomorrow,0.0,1,0.0
Dinner with UT Students,0.0,4,0.0
Disbanding of Joel Henenberg's Team,0.0,1,0.0
"Discretionary Holiday - Friday, April 13",0.0,1,0.0
Dog,0.0,1,0.0
Don't forget to register!,0.0,3,0.0
"Don, claim your gift!",0.0,2,0.0
DCB info,0.0,2,0.0
DPR - 8/23/00,0.0,1,0.0
DPR Holiday Schedule,0.0,1,0.0
DRAFT,0.0,1,0.0
"DRAFT:  INFORMATION, Please Read: UBSWE Migration postponed",0.0,1,0.0
DUKE to SOCO deal 1-30-01,0.0,1,0.0
Darrel Jackson,0.0,2,0.0
"Dove Hunt in Mason, TX",0.0,1,0.0
Dow Pipeline Company,0.0,2,0.0
Draft,0.0,2,0.0
Draft Date,0.0,1,0.0
Draft change request,0.0,1,0.0
Draft info,0.0,1,0.0
Draft of Southern Cone Reports,0.0,1,0.0
Dream Matchup,0.0,1,0.0
Dues,0.0,2,0.0
Deferred Annuity,0.0,1,0.0
Desk Info Sheet,0.0,1,0.0
Desk Info Speadsheet,0.0,1,0.0
Details of Thursday Afternoon OpRisk Meeting,0.0,2,0.0
Development Center Class Reminder - James Scribner,0.0,1,0.0
Did I miss you?,0.0,3,0.0
"Did you just win $1,000?",0.0,2,0.0
EES Report from EnTelligence,0.0,1,0.0
EGM Management Summary / Hot List as of 10/4,0.0,1,0.0
EIM Resources,0.0,1,0.0
ENA Group Expenses,0.0,1,0.0
ENA Management Committee,0.0,1,0.0
ENA SAP Controls Projects,0.0,2,0.0
EOL Average Deal Count as of 08-30-00,0.0,1,0.0
EOL stats for Q4 2000,0.0,2,0.0
"EPMI Real-time Traders and Schedulers working during the
 Thanksgiving Holiday",0.0,1,0.0
Doorstep RAC Direction,0.0,1,0.0
Doorstep meeting 8/4 New time - 9:30 AM,0.0,1,0.0
Doorstep personnel from London,0.0,1,0.0
Dope Wars 2.0 for Windows - Order No. 330038,0.0,3,0.0
Dot's Shirleys 90th birthday party,0.0,1,0.0
Dove HUNT in Mason TX - Joe Ebert,0.0,2,0.0
"Dove Hunt (Sept 1,2)",0.0,1,0.0
Eastern Interconnect - Then and Now,0.0,1,0.0
Editorial The Hijacking of the Presidency,0.0,1,0.0
El Paso Electric Company,0.0,4,0.0
El Tiempo,0.0,1,0.0
Emily's First Pictures,0.0,1,0.0
Employee Profile - Brent Price,0.0,1,0.0
EnTelligence Tag Line Contest Results,0.0,1,0.0
EnTelligence WebSite,0.0,1,0.0
EnVision - Updated,0.0,1,0.0
"Duke Purchase for tomorrow, April 26th",0.0,1,0.0
DynegyDirect,0.0,1,0.0
E Services company,0.0,2,0.0
"EB 3305  Nov. & Dec Report- Tom Bauer, John Sorrells, Wes Colwell
 (Sabrina x66340)",0.0,1,0.0
EDGAR Online - Here is the Information You Requested,0.0,1,0.0
EES Calls to Power Marketing,0.0,1,0.0
Enpower counterparties,0.0,2,0.0
"Enron Conference Call Today, 11:00am CST",0.0,1,0.0
Enron Europe FX/IR BRM,0.0,2,0.0
"Enron Federal Credit Union - Loan Response, Application Number:
 725068.01",0.0,4,0.0
Enron In Action 11.19.01,0.0,1,0.0
Enron Issues,0.0,1,0.0
Enron Japan Trading,0.0,1,0.0
Enron Japan Weekly update.,0.0,1,0.0
Enron Management Conference,0.0,3,0.0
"EPMI Real-time Traders and Schedulers working during the
 Thanksgiving Holiday FY2001",0.0,1,0.0
ERCOT Readiness Update attached,0.0,3,0.0
ERMS Resources,0.0,1,0.0
ERV Notification:  (Violation/Notification Memo - 10/08/2001),0.0,1,0.0
EWS Organizational Announcement,0.0,2,0.0
East Power Candidate,0.0,7,0.0
East Power Candidates,0.0,1,0.0
Executive Committee Meeting,0.0,1,0.0
Expense Report for Stephen Schwarz Dated 12/20/99,0.0,2,0.0
Expense Report for Stephen Schwarz Dated 2/25/00,0.0,2,0.0
Expense Report for Stephen Schwarz Dated 4/13/00,0.0,2,0.0
Expense Report for Stephen Schwarz Dated 6/5/00,0.0,1,0.0
Expense Report for Stephen Schwarz Dated 7/6/00,0.0,2,0.0
Express Pipeline Partnership,0.0,1,0.0
Extra Transmission Porviders,0.0,1,0.0
FFL Dues,0.0,1,0.0
Enabled EMail Maskell,0.0,1,0.0
End of Season,0.0,1,0.0
Energy Ops Showstopper Status Report - 6/29/00,0.0,1,0.0
Energy Ops Showstopper Status Report - 6/30/00,0.0,1,0.0
Engage Energy America LLC,0.0,1,0.0
Engram,0.0,1,0.0
"Enpower Production Database Outage - (Dec 29 6pm to Dec 30 6am -
 PwrProdn)",0.0,2,0.0
FW: Deal: Y82661.1,0.0,2,0.0
"FW: Final Schedule - Monday, July 2, 2001 - George T. Phillips",0.0,1,0.0
FW: Hourly Trading Desk,0.0,3,0.0
FW: Illinois Power Option Pricing,0.0,1,0.0
FW: Index for 5/24/01,0.0,1,0.0
FW: Jason' Bachelor Party,0.0,1,0.0
FW: Letter to the captain - QUANTAS,0.0,2,0.0
FW: Lotus notes?,0.0,1,0.0
Enron Messenging Board,0.0,1,0.0
"Enron Metals Notification Memo 13th November 2001: Five Day Loss
 Limit",0.0,1,0.0
Enron Metals: FX & Rho,0.0,1,0.0
Enron Wholesale Services Legal Department,0.0,1,0.0
"EnronOnline Executive Summary for May 31, 2001",0.0,1,0.0
EnronOptions Update!,0.0,3,0.0
Entergy's new OASIS node is now available,0.0,2,0.0
FW: Phantom Stock Payouts,0.0,1,0.0
FW: Real Time Trader Ryan Thomas,0.0,3,0.0
FW: Rebooks 10/5,0.0,1,0.0
FW: Report Calendar Showed Plane Crashing Near Manhattan,0.0,1,0.0
FW: Resume for Job Posting #0000108727,0.0,2,0.0
FW: Ryan Thomas Interview 6/19/01,0.0,2,0.0
FW: Salmon,0.0,1,0.0
FW: Scotty Ts X-mas Party 2,0.0,3,0.0
FW: TOP 50 GAS CPS - AS OF 11-20-01,0.0,1,0.0
FFL Update,0.0,1,0.0
FINAL DECISION ON ACCRUAL VALUE,0.0,1,0.0
FIST logins,0.0,1,0.0
FW:,0.0,6,0.0
FW: Associate,0.0,1,0.0
FW: Cinergy Hourly Index for 8/30/01,0.0,1,0.0
"FW: DRAFT:  INFORMATION, Please Read: UBSWE Migration postponed",0.0,1,0.0
FW: michael harrison resume/ S-T Power Trader,0.0,1,0.0
FW: scheduler's by region,0.0,1,0.0
FYI: Online Financial Tool StatementOne Has $15 Million Round Two,0.0,1,0.0
Fall APDA Conference,0.0,1,0.0
Fantast Basketball DRAFT TODAY @ 10:30,0.0,2,0.0
February 5th,0.0,1,0.0
"Final Schedule -  Tuesday, May 8, 2001 - Andrew C. Greer",0.0,2,0.0
"Final Schedule - Thursday, May 24, 2001 - John W. Nolan Jr.",0.0,1,0.0
"Final Schedule - Thursday, May 3, 2001 - Joseph Wayne Davis",0.0,1,0.0
FW: MAPP OASIS Partial Outage,0.0,6,0.0
"FW: MAPP Partial Outage Monday, November 19 5am-6am CT",0.0,2,0.0
FW: MISO phase in of operations,0.0,1,0.0
FW: Monthly Acctg Meeting,0.0,1,0.0
FW: My Baby's Page,0.0,1,0.0
FW: OATI Meeting Agenda,0.0,1,0.0
FW: Options Market Update,0.0,2,0.0
FirstEnergy Services Corp.,0.0,1,0.0
"FirstEnergy System to American Transmission Systems, Inc.",0.0,2,0.0
"FirstEnergy Trading Services, Inc.",0.0,3,0.0
Flag Football,0.0,2,0.0
Flat books,0.0,3,0.0
Flood pics,0.0,2,0.0
Follow Up,0.0,2,0.0
Follow-up to VNG meeting,0.0,1,0.0
For Greg's Calendar - Dinner with Operations Team,0.0,1,0.0
FW: TVA New Firm Redirect Policy,0.0,1,0.0
FW: Tahoe,0.0,1,0.0
FW: TheStreet: Trusts Keeping Enron Off Balance,0.0,1,0.0
FW: UBS meeting tommorrow @ 10 am till 1pm,0.0,2,0.0
FW: Vermont Yankee Notification,0.0,1,0.0
FW: Working in a cubical!!!,0.0,1,0.0
FW: if work ever gets you down..,0.0,1,0.0
"Fresno Cogeneration Partners, LP",0.0,2,0.0
From Wellesley,0.0,1,0.0
"Frontier Energy I, LLC",0.0,1,0.0
Fundamental Operating Standards,0.0,2,0.0
Fundamental Presentation,0.0,1,0.0
Funny,0.0,2,0.0
"Fw: Check out The Shower Curtain Song: A tribute to coyboys who
 find no  toilet pa",0.0,1,0.0
Fwd: Foundations,0.0,3,0.0
Fwd: Inspection Report,0.0,3,0.0
"Final Schedule - Thursday, May 31, 2001 - Michael J. Byrne",0.0,1,0.0
"Final Schedule - Tuesday, May 22, 2001 - Jeff M. Gerl",0.0,2,0.0
"Final Schedule - Tuesday, May 22, 2001 - Larry Joe Hunter",0.0,1,0.0
"Final Schedule - Wednesday, May 2, 2001 - Jesus O. Guerra",0.0,2,0.0
"Final Schedule - Wednesday, May 23, 2001 - Kevin M. McLarney",0.0,5,0.0
Final presentation - RAC FAQs,0.0,1,0.0
Financial Council Agenda,0.0,2,0.0
GET READY,0.0,1,0.0
GLOBAL STANDARDS 12/20 TO 12/21,0.0,1,0.0
GRO Production Site,0.0,1,0.0
Game @ 7:00,0.0,2,0.0
Game Tonight,0.0,2,0.0
Game at 8,0.0,1,0.0
Game tonight,0.0,1,0.0
Game tonight @ 7,0.0,1,0.0
Game tonight @ 7:00,0.0,2,0.0
For your review 359pm,0.0,1,0.0
Forgot the Attachment,0.0,4,0.0
Fortune Article,0.0,1,0.0
Forwarding the Resume,0.0,1,0.0
Foster/Sahara meeting.,0.0,1,0.0
Free Trial: Gas Trader,0.0,3,0.0
Freeman,0.0,2,0.0
Global Operations Controller Forum,0.0,3,0.0
Global Operations Controllers Forum,0.0,1,0.0
Global Operations Task Force - Issues Summary,0.0,2,0.0
Global Ops Task Force week ending 9/29,0.0,3,0.0
Global Risk Management Operations Weekly Operating Report,0.0,3,0.0
Global Standards 12/27,0.0,1,0.0
Global Standards 12/28/00,0.0,1,0.0
Global Standards Report - September 2000,0.0,2,0.0
Golf Friday?,0.0,1,0.0
Fwd: [Fwd: Fwd: predictions],0.0,2,0.0
GAME @ 9 on Wed,0.0,1,0.0
GAME TONIGHT @ 7:45,0.0,1,0.0
GAME TONIGHT @ 8:45,0.0,1,0.0
GAME TONIGHT @ 9:45,0.0,1,0.0
GAME WEDNEDSDAY @ 7:00,0.0,1,0.0
Harrison,0.0,1,0.0
Headcount increase from 18 to 20.,0.0,2,0.0
Hello!,0.0,2,0.0
Here's the rest!,0.0,5,0.0
Hey Man,0.0,2,0.0
Hi,0.0,1,0.0
Garvin Brown - AXIA Sr. Power Scheduler,0.0,4,0.0
Gen-Sys Energy,0.0,1,0.0
Generation,0.0,1,0.0
George,0.0,2,0.0
Get CoolBlueOffers(R) Savings,0.0,1,0.0
Get Out Your Light Saber,0.0,5,0.0
Get a FREE DVD@ColumbiaHouse.com! (open for details),0.0,1,0.0
Hot List & Mgmt Summary 9/28/00,0.0,1,0.0
Hourly Trading,0.0,2,0.0
Hourly Trading Position,0.0,1,0.0
Hourly web site,0.0,1,0.0
House on W. Alabama,0.0,1,0.0
Houston visit,0.0,1,0.0
I thought you might be interested . . .,0.0,1,0.0
"IDACORP Energy, LP",0.0,2,0.0
IPG,0.0,2,0.0
Golf Tournament Details,0.0,2,0.0
Gordon Heaney's Acceptance,0.0,2,0.0
Groceries for 1/10/01,0.0,3,0.0
HEY,0.0,1,0.0
India trading operations,0.0,2,0.0
Indianapolis Power and Light Company,0.0,3,0.0
Info for Accounting Offsite,0.0,1,0.0
Info for Sally Beck Jornada,0.0,1,0.0
Input on Breakout Groups,0.0,2,0.0
Insert for Organizational Memo,0.0,1,0.0
Intel Corporation and Davis Wire Corporation,0.0,2,0.0
Intern Offers -- UT,0.0,1,0.0
Internet E-mail,0.0,2,0.0
Hi All,0.0,1,0.0
Historicals,0.0,1,0.0
Holcomb's new address and telephone number,0.0,2,0.0
Holiday Key Contacts List for Energy Operations - Enron Americas,0.0,1,0.0
Holiday posting schedule,0.0,2,0.0
Home Audio?,0.0,1,0.0
Hook 'Em,0.0,1,0.0
Interview: Mechelle Atwood,0.0,1,0.0
Interviews,0.0,2,0.0
Into Cinergy Hourly Index,0.0,1,0.0
"Into Cinergy Hourly Index for November 14, 2001",0.0,2,0.0
"Into Cinergy Hourly Index for November 19, 2001",0.0,2,0.0
"Into Cinergy Hourly Index for November 20, 2001",0.0,3,0.0
Into Cinergy Index,0.0,1,0.0
Invitation to Mardi Gras,0.0,1,0.0
JAN-MAR Degree Day Swaps,0.0,1,0.0
If you are stuck...,0.0,1,0.0
Illinois Power Option Pricing,0.0,1,0.0
Important FastWeb Scholarship Alert!,0.0,1,0.0
In London Office - January 15-19,0.0,1,0.0
Incorrectly booked deals,0.0,1,0.0
Index,0.0,1,0.0
India,0.0,1,0.0
Japan Weekly Update,0.0,1,0.0
Jason Berlin,0.0,1,0.0
Joe Hunter resume,0.0,1,0.0
John B. - vacation,0.0,1,0.0
Julia / Danny Staff Meeting in video room EB49C2,0.0,1,0.0
Julie's Trip,0.0,1,0.0
"June 3, 2000 Super Saturday results and assignments",0.0,1,0.0
June Curve Validation Memorandum,0.0,1,0.0
Jury Duty - November 28,0.0,1,0.0
Ken Lay Resigns from Board,0.0,1,0.0
Interview Schedule,0.0,9,0.0
Interview Schedule for Bruno Messer,0.0,1,0.0
Interview Schedule for Eric Blair,0.0,1,0.0
Interview Schedule for John Franklin,0.0,5,0.0
Interview Schedule for John Jamroz,0.0,1,0.0
Interview Schedules for Steven Jacobellis and Jeffrey Snyder,0.0,1,0.0
LUNCH,0.0,1,0.0
LaRence Snowden,0.0,1,0.0
Las Vegas,0.0,1,0.0
Las Vegas Trip,0.0,1,0.0
Last Call for Accountants.....,0.0,1,0.0
League Dues,0.0,2,0.0
League is Set,0.0,1,0.0
London Doorstep Phase I Responsibility Matrix,0.0,1,0.0
London Doorstep Presentations,0.0,1,0.0
JD VACATION,0.0,2,0.0
JD in LATE,0.0,1,0.0
James is coming...,0.0,1,0.0
January 10 meeting,0.0,1,0.0
January 11 - Managing Operational Risk,0.0,2,0.0
January earnings,0.0,1,0.0
MAD COW DISEASE,0.0,2,0.0
MANUAL WIRE & SAME DAY PAYMENT AUTHORIZATION SCHEDULE,0.0,2,0.0
MAPP ATC Posting Website,0.0,3,0.0
MAPP Customer Service Issue,0.0,2,0.0
MAPP Loss Matrix,0.0,2,0.0
MAPP/Dynegy PC's,0.0,1,0.0
MG Future structure,0.0,1,0.0
MG Inventory Summaries,0.0,1,0.0
MG Middle Office Descriptions,0.0,1,0.0
MISO Advisory Seat,0.0,2,0.0
Kennedy Ranch Weekend,0.0,1,0.0
Kennison,0.0,1,0.0
Kirit Purbhoo Resume,0.0,1,0.0
Knowledge Center,0.0,1,0.0
Kristen's b-day,0.0,1,0.0
"LN Database ""east power trading""",0.0,1,0.0
"MW Off-site @ El Lago Lake Conroe, Fletch, Dorland,",0.0,2,0.0
Mandell,0.0,1,0.0
Manitoba-Hydro Procedures,0.0,1,0.0
Mapp machine,0.0,1,0.0
March 16 Clean-up Day and Garage Sale,0.0,2,0.0
March 8 hourly indexes attached,0.0,1,0.0
Mark Doggett Shower @ iOWA cOLO,0.0,2,0.0
Mark Potts resume,0.0,1,0.0
Market Mail from The Potter Roberts Group,0.0,1,0.0
Market drivers--story attached,0.0,1,0.0
Lotus notes?,0.0,2,0.0
Lower Colorado River Authority,0.0,1,0.0
Lunch,0.0,5,0.0
Lunch Meeting Scheduled for 2/16,0.0,2,0.0
Lunch for UT Summer Analysts and Associates,0.0,2,0.0
M. Bodnar/Storage Allocation to meet in Lynn's office,0.0,1,0.0
Meeting Today at 1:30 Re: Compensation Study,0.0,1,0.0
Meeting and Business Reports,0.0,2,0.0
Meeting in San Antonio - September 13-15,0.0,1,0.0
Membership information you requested,0.0,1,0.0
Message from Rusty,0.0,3,0.0
Metro 214 and 216 downtown route changes,0.0,2,0.0
Mgmt Summary & Hot List,0.0,1,0.0
Miachael's Address,0.0,1,0.0
Michael Byrne-Real Time Trader,0.0,2,0.0
Mid Market/Trader Mtg. w/Regions,0.0,1,0.0
MISO Approved for Start Up of Transmission Functions,0.0,1,0.0
MISO proposed $1000 penalty,0.0,3,0.0
MISO proposed tariff change,0.0,1,0.0
MNF,0.0,1,0.0
MPR 12/29/00,0.0,2,0.0
MUI Access Notification,0.0,1,0.0
Minutes & Actions from today's UBS Start Up coordination meeting,0.0,1,0.0
Minutes and actions from todays UBS start up meeting,0.0,1,0.0
Missed our Timing,0.0,1,0.0
"Mobile Energy Services Company, L.L.C.",0.0,2,0.0
Monday's Game,0.0,2,0.0
Monthly meeting,0.0,1,0.0
More Dallas ASE Information,0.0,1,0.0
More I-bank info,0.0,3,0.0
Mr. Hamilton,0.0,1,0.0
N.O.V. Updates,0.0,1,0.0
Marriott,0.0,1,0.0
Mason Hamlin Interview 6/27/01,0.0,1,0.0
Mass time correction,0.0,1,0.0
Master Power Contracts,0.0,8,0.0
Mastio/FGT Mtg.,0.0,1,0.0
Matthew Olney,0.0,2,0.0
"NOTIFICATION:  Outlook Outage - Monday, January 7, 2002",0.0,1,0.0
"NYISO - Opening Technical Bulletin # 74 - Virtual Bidding in the
 Day-	Ahead Market",0.0,1,0.0
Name of Doctor,0.0,1,0.0
Natalie Mahdi,0.0,1,0.0
National Grid as Managing member of ARTO,0.0,1,0.0
Need assistanece wil taking lights down?,0.0,2,0.0
Needs Improvement Managers and Directors,0.0,1,0.0
New Active X for EOL Website,0.0,1,0.0
New Analyst,0.0,1,0.0
New Gen Update 2,0.0,1,0.0
Mid Year Evaluation Form,0.0,1,0.0
Mid year review - resume,0.0,1,0.0
Mid-Year 2001 Performance Feedback,0.0,1,0.0
Mid-Year PRC,0.0,1,0.0
Midwest/Southeast Desk Meeting w/Fletch Sturm,0.0,2,0.0
Minnesota Municipal Power Agency,0.0,5,0.0
New Products,0.0,1,0.0
New Stock Symbol,0.0,1,0.0
New Team,0.0,3,0.0
New Years,0.0,2,0.0
New deals,0.0,1,0.0
New price reporters at TradersNews,0.0,1,0.0
Next Day Checkouts with AEP,0.0,1,0.0
No more Hourly trades with IP,0.0,1,0.0
No trades with PG&E,0.0,6,0.0
Northern States Power Company,0.0,1,0.0
NBPL Town Border Stations,0.0,1,0.0
NEED COMMENTS-Dynegy v. ComEd response,0.0,1,0.0
NEW PASSWORD FOR EXELON (CE) CHECKOUTS,0.0,1,0.0
NEW VERSION OF THE VIEW DATA DATABASE,0.0,2,0.0
NO GAME TONIGHT,0.0,1,0.0
NOTICE TO ALL,0.0,1,0.0
OU Salaries,0.0,2,0.0
October 20 Meeting re: Internal Audit Projects for September,0.0,2,0.0
Open Enrollment 2001 Deadline,0.0,2,0.0
"Operational Risk Forum Luncheon beginning this Monday, January 29",0.0,1,0.0
Operations Contacts - Week of March 12,0.0,3,0.0
Order re. transfer of operational control to MISO,0.0,2,0.0
Our next vacation,0.0,2,0.0
Out of Office,0.0,1,0.0
Out of Office August 29-31 - Key Contacts,0.0,1,0.0
"New Hire Orientation for Monday, Aug. 21, 2000",0.0,1,0.0
"New Hire Orientation, Monday, July 24, 2000",0.0,1,0.0
New Interchange Subcommittee Officers,0.0,3,0.0
New MAPP LRP procedures,0.0,1,0.0
New Model,0.0,1,0.0
New Power Book Req #839,0.0,1,0.0
PG&E Weekly Report,0.0,1,0.0
PJM and Cinergy Prices,0.0,3,0.0
POWER REVIEW,0.0,1,0.0
PRC,0.0,1,0.0
PRC Binders,0.0,1,0.0
PRC Pre-ratings,0.0,1,0.0
PRC Rep,0.0,1,0.0
PRC Summary Report,0.0,1,0.0
PX Credits,0.0,1,0.0
PacifiCorp,0.0,1,0.0
Nov. Staff Mtg.,0.0,1,0.0
OPM Presentation,0.0,1,0.0
OU Alumni List - GIS,0.0,2,0.0
OU Corporate View,0.0,1,0.0
OU Presentation,0.0,1,0.0
Peggy Hedstrom,0.0,1,0.0
Peoples presentation,0.0,1,0.0
Per my voice mail,0.0,1,0.0
Performance Management Process - New Password,0.0,1,0.0
Personnel on night shift week of 05/14 - 05/18/2001,0.0,3,0.0
"Phone Interview Confirmation - Monday, April 30, 2001 - Steven
 Coulter",0.0,3,0.0
"Phone Interview Confirmation - Wednesday, June 6, 2001 - Shannon L.
 Burnhan",0.0,2,0.0
Phone Number,0.0,1,0.0
Phone Screen  Interview - Shannon L. Burnham,0.0,3,0.0
Phone Screen Interview - Charles E. Hunter III,0.0,1,0.0
"Out of the Office - Afternoon of Friday, June 9",0.0,1,0.0
"Out of the Office - Friday, October 20",0.0,3,0.0
Out of the Office - March 2 and March 5,0.0,1,0.0
Outage for Unify Gas Users,0.0,2,0.0
P&L entries,0.0,2,0.0
PG&E BANKRUPTCY CASE-- IMPORTANT,0.0,1,0.0
"Playa Del Carmen, Mex.",0.0,2,0.0
Playoffs,0.0,1,0.0
Position,0.0,2,0.0
Power Contracts,0.0,1,0.0
Power Desk List,0.0,3,0.0
Power Failure,0.0,1,0.0
Power Trader Position,0.0,3,0.0
Powerpoint Presentation,0.0,1,0.0
"Price Reservations 14 May 2001 Real-Time Market and 15 May 2001
 Day-Ahead Market",0.0,1,0.0
Pager Request,0.0,2,0.0
Pagers,0.0,1,0.0
Panama City Doorstep,0.0,1,0.0
Party Invitation,0.0,1,0.0
Pat Heim Forum,0.0,1,0.0
PayPal Email Confirmation,0.0,1,0.0
Promotions Luncheon for Managers,0.0,1,0.0
Promotions Memo edit,0.0,2,0.0
Prudency Release,0.0,1,0.0
Quick Tips for the UBSWE migration,0.0,1,0.0
Quick and Easy Renewal Form for CFO Magazine,0.0,2,0.0
RAC risk reporting,0.0,2,0.0
RB?,0.0,1,0.0
RBs,0.0,3,0.0
RE:,0.0,17,0.0
"RE: ""Force Majeure""",0.0,1,0.0
Phone numbers,0.0,2,0.0
Physical - Financial TAGG,0.0,1,0.0
Pick -Up,0.0,4,0.0
Pick Ups,0.0,3,0.0
Pick ups,0.0,1,0.0
Pick-Ups,0.0,1,0.0
RE: CommodityLogic Team Contact Info,0.0,3,0.0
"RE: Company Focus -- 3 ways to profit from the coming gas crisis -
 MSN Money",0.0,1,0.0
RE: Corruption Test,0.0,1,0.0
RE: Cost Cutting,0.0,1,0.0
RE: Dad's Birthday,0.0,1,0.0
RE: EPMI IPG INDICES 2/12/01,0.0,1,0.0
RE: EPMI traders news index,0.0,1,0.0
RE: Enron on Moneyline,0.0,1,0.0
RE: Executed Master Netting Agreement Binders,0.0,1,0.0
RE: Existing Trading Track Rotations,0.0,1,0.0
Price Responsive Load Working Group,0.0,1,0.0
"Price differentials between TN hourly and daily Cin indexes,
 Aug.-Nov.",0.0,2,0.0
Product Approval,0.0,2,0.0
Product approval,0.0,1,0.0
Professional Update,0.0,1,0.0
Promotion,0.0,2,0.0
RE: Flood Workers,0.0,1,0.0
RE: Free agent pick up,0.0,1,0.0
kennison,0.0,2,0.0
(no subject),0.0,3,0.0
you gentlemen should be set up today w/ TradersNews passwords,0.0,2,0.0
RE: Hello,0.0,1,0.0
RE: Hey Man,0.0,1,0.0
RE: Honeymoon Itinerary,0.0,2,0.0
RE: Index Prices for 7-3-01,0.0,1,0.0
RE: Letter to E&Y,0.0,1,0.0
RE: : Priceless,0.0,1,0.0
RE: Baby Party/Shower,0.0,1,0.0
RE: Background  for Hourly Positions,0.0,1,0.0
RE: Bet,0.0,1,0.0
RE: Christine Walton Resume,0.0,2,0.0
RE: Cold winter ahead for Owens-Corning,0.0,1,0.0
RE: Numbers,0.0,1,0.0
RE: OU Candidates,0.0,3,0.0
RE: RESUME,0.0,1,0.0
"RE: REVISED - Final Schedule - Thursday, October 11, 2001 - Bang I.
 Tran",0.0,1,0.0
RE: Receipt of Hedge Fund Information,0.0,1,0.0
RE: Revised E&Y Memo,0.0,1,0.0
RE: Saturday December 29,0.0,1,0.0
RE: Scalers for conversion of daily prices to hourly prices,0.0,1,0.0
RE: Send me your resume,0.0,1,0.0
RE: Ship fixed price swing/swap,0.0,2,0.0
RE: Exotic Options Module Series - Asian Options,0.0,2,0.0
RE: FFL Dues,0.0,3,0.0
RE: FPL CA,0.0,1,0.0
RE: FW: new address,0.0,2,0.0
RE: Favor,0.0,2,0.0
RE: Flag Football,0.0,1,0.0
RE: The Periwinkle Foundation,0.0,1,0.0
RE: Thursday,0.0,2,0.0
RE: Trade,0.0,1,0.0
RE: TradersNews,0.0,7,0.0
RE: Transmission Agreements Meeting Tues. Jan. 29 10:00 a.m.,0.0,1,0.0
RE: Travis Baughman's Resume,0.0,1,0.0
RE: USENE Recent Stock News Investing - MSN Money,0.0,1,0.0
RE: Walker & Associates gathering agreements,0.0,1,0.0
RE: Your son's first game...,0.0,1,0.0
RE: are trading,0.0,1,0.0
RE: Lunch,0.0,1,0.0
RE: M&A's,0.0,1,0.0
RE: MATT DRUDGE -- DRUDGE REPORT 2001,0.0,1,0.0
RE: Mind if I drive into your house?,0.0,1,0.0
RE: Mtg. on Wed. July 26th.,0.0,1,0.0
RE: My new work email,0.0,2,0.0
RE: ffl,0.0,2,0.0
RE: friday,0.0,2,0.0
RE: funnies,0.0,1,0.0
RE: game at 9,0.0,2,0.0
RE: production qviewer,0.0,1,0.0
RE: trade,0.0,1,0.0
RE: traders news indexes 4-03-01,0.0,2,0.0
RE: what are teh odds,0.0,1,0.0
RE: working on Holiday (Monday Dec. 24th),0.0,1,0.0
RE:Southern Union Galveston/Pt. Arthur,0.0,1,0.0
REK TX Uprising Concert @ Woodlands,0.0,1,0.0
RE: Ship-to-Shore Information,0.0,1,0.0
RE: Southern Union Galveston/Pt. Arthur,0.0,1,0.0
RE: THIS IS A SURVEY - ONE QUESTION,0.0,1,0.0
RE: TV,0.0,2,0.0
RE: Taylor,0.0,1,0.0
Re - mapping,0.0,1,0.0
Re :  (#7482-000998-38589983858),0.0,3,0.0
Re : Game on Wed,0.0,1,0.0
Re:,0.0,76,0.0
Re:  Enron/TradersNews Energy (meeting),0.0,2,0.0
Re:  Enron/TradersNews Energy-Meeting week of 10/15,0.0,1,0.0
Re:  Enron/TradersNews Energy-Schedule Meet.,0.0,1,0.0
Re:  Enron/TradersNews Energy-Wednesday,0.0,2,0.0
Re: $,0.0,1,0.0
Re: (no subject),0.0,1,0.0
Re: 2001 Margin Plan,0.0,1,0.0
RE: boat show,0.0,1,0.0
RE: canadian service deals,0.0,2,0.0
RE: crude buying,0.0,1,0.0
RE: data,0.0,4,0.0
RE: directories,0.0,1,0.0
Re: Access to Cost Center,0.0,1,0.0
Re: Access to DPR for Fernley Dyson,0.0,1,0.0
Re: Addresses,0.0,1,0.0
Re: Admin Issues,0.0,1,0.0
Re: Aeros,0.0,1,0.0
Re: Aggie vs t.u. Flag Football,0.0,1,0.0
Re: Analyst PRC process,0.0,1,0.0
Re: Another Vac. request,0.0,1,0.0
Re: Any luck?,0.0,1,0.0
Re: Approval for Sign on Bonuses,0.0,1,0.0
Re: Associate PRC Reps for Year End,0.0,2,0.0
RESUME,0.0,2,0.0
"RESUME Of: Sanjay Gupta  - Thursday, August 2, 2001 -",0.0,2,0.0
"REVISED - Final Schedule - Thursday, October 11, 2001 - Bang I.
 Tran",0.0,1,0.0
Rankings,0.0,1,0.0
Rap mtg. Schedule,0.0,3,0.0
Re: BOWL POOL 2000,0.0,2,0.0
Re: Beck/Sally 13Dec ENR-1081 Itinerary,0.0,1,0.0
Re: Bet,0.0,2,0.0
Re: Blossom,0.0,1,0.0
Re: Brian's B-day,0.0,2,0.0
Re: Business Review,0.0,1,0.0
Re: CFA,0.0,1,0.0
Re: CFA Reimbursement,0.0,1,0.0
Re: CP&L Requests - Jan '00,0.0,1,0.0
Re: CRM system,0.0,1,0.0
Re: CUSTOMER REQUESTED CANCEL,0.0,2,0.0
Re: 7:00 Showdown,0.0,1,0.0
Re: AEC Issues,0.0,4,0.0
Re: ALS Charity - It's Time to Collect,0.0,1,0.0
Re: ASE,0.0,2,0.0
Re: ASTROS GAME,0.0,1,0.0
Re: Cha Ching!,0.0,1,0.0
Re: Check Request,0.0,1,0.0
Re: Check it out!,0.0,1,0.0
Re: Check out Leni's website...,0.0,1,0.0
Re: Class Confirmation - Kristin Albrecht,0.0,1,0.0
Re: Commissioner.COM Transaction Request,0.0,2,0.0
Re: Concierge.com Daily Deal Two-for-One Caribbean Cruise Deal,0.0,1,0.0
Re: Congrats,0.0,3,0.0
Re: Congratulations,0.0,2,0.0
Re: Congratulations!,0.0,5,0.0
Re: Continental Power,0.0,1,0.0
Re: Astral downtime request,0.0,1,0.0
Re: Astros Tickets,0.0,1,0.0
"Re: Aug 8,00 baseball game",0.0,1,0.0
Re: Austin,0.0,2,0.0
Re: BABY!,0.0,1,0.0
Re: Deal 117413,0.0,1,0.0
Re: Dec99 Enron North America Wholesale Volumes,0.0,1,0.0
Re: Demand Letter for Shannon Tyer to Amico Property,0.0,3,0.0
Re: Dinner,0.0,2,0.0
Re: Dinner on Friday?,0.0,2,0.0
"""Project DoorStep"" TARGET DATE",0.0,1,0.0
"Re: Do you know how long Stephen Schwarz has been with Enron -
 roughly?",0.0,1,0.0
Re: Do you want to reschedule a catch up ?,0.0,2,0.0
Re: Draft Order Determined,0.0,1,0.0
Re: EBS Position,0.0,1,0.0
Re: ENE,0.0,2,0.0
Re: CWS,0.0,1,0.0
Re: Calgary operations hot list,0.0,1,0.0
Re: Call Center/Resolution Center contacts,0.0,1,0.0
Re: Canadian Promotions/Trip,0.0,1,0.0
Re: Cancun,0.0,1,0.0
Re: Enron Field,0.0,1,0.0
Re: Entex Contracts,0.0,1,0.0
Re: Entex Recap,0.0,1,0.0
Re: Eugenio Perez,0.0,1,0.0
Re: Executive Impact and Influence Program- Enrollment,0.0,2,0.0
Re: Expense Reports,0.0,8,0.0
Re: FAS 133 Offsite,0.0,1,0.0
Re: FW: LNG Weekly Update,0.0,1,0.0
Re: FW: Olympic Highlights,0.0,1,0.0
Re: FW: Truth in 13 words,0.0,3,0.0
Re: FW: You asked for questions,0.0,1,0.0
Re: Contract,0.0,1,0.0
Re: Cover,0.0,1,0.0
Re: Davis,0.0,3,0.0
Re: Deal # QV9672,0.0,1,0.0
Re: Deal # QX4420,0.0,2,0.0
Re: Fooball game,0.0,1,0.0
Re: Friday,0.0,4,0.0
Re: Furniture,0.0,1,0.0
Re: Futures and Options Topics - Dutch Quigley,0.0,1,0.0
Re: Fw: Corruption Test,0.0,1,0.0
Re: Fw: Winning the cultural war,0.0,2,0.0
Re: Fw: [txhmed] interesting ...,0.0,3,0.0
Re: GAME TONIGHT @ 7:00,0.0,2,0.0
Re: GAME TONIGHT @ 9:45,0.0,2,0.0
Re: GAME WEDNEDSDAY @ 7:00,0.0,1,0.0
Re: Game @ 7:00,0.0,4,0.0
Re: ENSIDE,0.0,4,0.0
Re: EOL stats for Q4 2000,0.0,1,0.0
Re: ESPN.com - NCB - Ratings Percentage Index,0.0,1,0.0
Re: EnTouch Deadline,0.0,1,0.0
Re: Engram,0.0,1,0.0
Re: Game tomorrow at 8:00,0.0,1,0.0
Re: Game tonight,0.0,2,0.0
Re: Global Operations Controller Forum,0.0,1,0.0
Re: Global Operations Controllers Forum,0.0,1,0.0
Re: Global Risk Management Operations,0.0,3,0.0
Re: Gonzalez,0.0,2,0.0
$$$$,0.0,1,0.0
Re: Got caught up with real time issue - missed my slot today,0.0,3,0.0
Re: Greg's Bill,0.0,1,0.0
process flow for doorstep,0.0,1,0.0
Re: HP -- confidential internal document,0.0,1,0.0
Re: FYI,0.0,4,0.0
Re: Facilitator training for offsite breakout groups,0.0,1,0.0
Re: Facility Fees,0.0,1,0.0
Re: Fantasy Basketball,0.0,2,0.0
Re: Fantasy Football,0.0,1,0.0
Re: I am officially in a bit of a panic!,0.0,1,0.0
Re: I was planning on,0.0,1,0.0
Re: Inspection for Mission South,0.0,1,0.0
Re: Interview,0.0,1,0.0
Re: JDF,0.0,2,0.0
Re: Jarnold,0.0,1,0.0
Re: Jealousy,0.0,2,0.0
Re: John Elway's baby,0.0,1,0.0
Re: Jordan's comments on Doorstep meeting,0.0,1,0.0
Re: Keneally's,0.0,1,0.0
Re: Key Contacts in Your Area - December 20 - 31,0.0,1,0.0
Re: Game Tonight,0.0,1,0.0
Re: Game Tonight @ 7,0.0,2,0.0
Re: Game Wednesday at 8,0.0,1,0.0
Re: Game at 8:00,0.0,1,0.0
Re: Game at 9:00,0.0,3,0.0
Re: Lunch,0.0,2,0.0
Re: Lunch w/ Cindy Olson,0.0,2,0.0
Re: Lunch with UT Summer Interns,0.0,1,0.0
Re: Managing Director and Vice President Elections,0.0,2,0.0
Re: Matt Haselback,0.0,1,0.0
Re: Meeting,0.0,1,0.0
Re: Metals Trading Back Office Support Meeting,0.0,2,0.0
Re: Missing TAGG Deals Meeting,0.0,1,0.0
Re: Monday's Game,0.0,1,0.0
Re: Mtg w/ Sally Beck,0.0,1,0.0
Re: Mumme,0.0,1,0.0
Re: My new work email,0.0,2,0.0
pick up,0.0,1,0.0
Re: Hi,0.0,3,0.0
Re: Hi!,0.0,1,0.0
Re: How About Lunch?,0.0,3,0.0
Re: New Book,0.0,1,0.0
Re: New Building,0.0,1,0.0
Re: New Product,0.0,1,0.0
Re: New RC for Sally Beck's Southern Cone Risk Management group,0.0,1,0.0
Re: New Work Number,0.0,1,0.0
Re: Next Week,0.0,3,0.0
Re: Nymex Converter for Nov. 20 - 24,0.0,1,0.0
Re: Petro Canada,0.0,3,0.0
Re: Phone # verification,0.0,2,0.0
Re: Plays and other information,0.0,1,0.0
Re: Please read and respond,0.0,1,0.0
Re: Please respond,0.0,1,0.0
Re: Kristin Albrecht,0.0,1,0.0
Re: Later Transfer,0.0,1,0.0
Re: Liquids Limits Oct. 20,0.0,1,0.0
Re: Lisa Peterson,0.0,1,0.0
Re: Project Aruba Closing Dinner,0.0,1,0.0
Re: Promotion,0.0,5,0.0
Re: Promotions Luncheon for Managers,0.0,1,0.0
Re: Proposal for Electronic Confirmations,0.0,3,0.0
Re: Prudencies,0.0,1,0.0
Re: QB,0.0,3,0.0
Re: Question,0.0,2,0.0
Re: Questions regarding Steer rope guitar strap,0.0,1,0.0
Re: Redraw?,0.0,1,0.0
Re: Request Submitted: Access Request for shona.wilson@enron.com,0.0,1,0.0
Re: Resume,0.0,3,0.0
Re: Rodeo tickets,0.0,1,0.0
Re: NCAA,0.0,1,0.0
Re: NO GAME TONIGHT,0.0,2,0.0
Re: NY meeting reports,0.0,2,0.0
Re: Need for Business Owner on SAP/Unify Interface,0.0,1,0.0
Re: Saturday Night,0.0,1,0.0
Re: Saturday night follow up,0.0,1,0.0
Re: Schedule C,0.0,1,0.0
Re: Semi Finals,0.0,2,0.0
Re: Sherry,0.0,1,0.0
Re: Sorry,0.0,1,0.0
Re: Southwest tickets,0.0,2,0.0
Re: Spring Flag Football,0.0,1,0.0
Re: Stats,0.0,1,0.0
Re: Status Report,0.0,2,0.0
Re: Subscription,0.0,1,0.0
Re: TX IPPS,0.0,1,0.0
Re: Possible dinner sites for OU students,0.0,1,0.0
Re: Power Trader Position,0.0,2,0.0
Re: Practice,0.0,3,0.0
Re: Production Data,0.0,1,0.0
Re: Thanks!,0.0,2,0.0
Re: The Next HEISMAN winner for the University of Texas,0.0,2,0.0
Re: The Pictures,0.0,3,0.0
Re: Things From London,0.0,1,0.0
Re: Tigers,0.0,1,0.0
"Re: Today the World, Tomorrow....Who Knows!?",0.0,1,0.0
Re: Travis Resume,0.0,4,0.0
Re: Tuberville,0.0,2,0.0
Re: Tuition Reimbursement,0.0,1,0.0
Re: UH v. T@Austin,0.0,1,0.0
Re: UT MBA Excellence Awards,0.0,2,0.0
Re: Unresolved Tx/Prod Svcs Issues,0.0,1,0.0
Re: Roster,0.0,1,0.0
Re: Rotations,0.0,1,0.0
"Re: SPP hourly trades have been incorporated into the Entergy
 hourly index",0.0,2,0.0
Re: SUMMER ANALYST INVITATION,0.0,1,0.0
Re: Visit,0.0,1,0.0
Re: Welcome to www.har.com! (3),0.0,1,0.0
Re: Welcome to www.har.com! (4),0.0,4,0.0
Re: Wellhead Accrual Income,0.0,1,0.0
Re: anniversary,0.0,2,0.0
Re: anniversary update,0.0,1,0.0
Re: b-day,0.0,1,0.0
Re: basketball leauge,0.0,1,0.0
Re: breakfast pizza,0.0,1,0.0
Re: bus top,0.0,1,0.0
Re: cddd,0.0,1,0.0
Re: congrats,0.0,1,0.0
Re: Telluride,0.0,2,0.0
Re: Texas Counterparties,0.0,1,0.0
Re: Thank You,0.0,1,0.0
Re: Thanks for the interview,0.0,2,0.0
Re: draft,0.0,1,0.0
Re: election night,0.0,1,0.0
Re: engram,0.0,1,0.0
Re: enl-dailyupdate-txt,0.0,2,0.0
Re: family reunion,0.0,1,0.0
Re: faulk,0.0,4,0.0
Re: favor,0.0,1,0.0
Re: free agents,0.0,1,0.0
Re: funnies,0.0,1,0.0
Re: fyi - eRequest for vpn,0.0,2,0.0
Re: game tonight,0.0,1,0.0
Re: golf,0.0,2,0.0
Re: Update Info,0.0,1,0.0
Re: Update for Executive Report Viewer project,0.0,2,0.0
"Re: Vacation, floating holiday request",0.0,1,0.0
Re: Vandy,0.0,1,0.0
Re: promotion,0.0,1,0.0
Re: reminder -pira dinner sund may 13 th 7.45 pm st regis,0.0,1,0.0
Re: resume,0.0,3,0.0
Re: rotation,0.0,1,0.0
Re: saturday,0.0,1,0.0
Re: testing....,0.0,1,0.0
Re: thanks/ follow up,0.0,1,0.0
Re: this week's game,0.0,1,0.0
Re: trades,0.0,5,0.0
Re: travel schedule,0.0,2,0.0
Re: tubing,0.0,1,0.0
Re: vacation,0.0,2,0.0
Re: def leppard,0.0,1,0.0
Re: diff topic,0.0,1,0.0
Re: dinner,0.0,3,0.0
Re: does it work?,0.0,1,0.0
Re; Trade,0.0,2,0.0
Redraw?,0.0,1,0.0
Referral (w/resume),0.0,1,0.0
"Reliant Energy Services, Inc.",0.0,3,0.0
Remington Wildlife Feeders,0.0,1,0.0
Renaissance Austin Hotel,0.0,1,0.0
Reporting,0.0,2,0.0
Request For Additional Information,0.0,1,0.0
Request Submitted: Access Request for maria.garza@enron.com,0.0,1,0.0
Request Submitted: Access Request sally.beck@enron.com,0.0,1,0.0
Response to RFP,0.0,1,0.0
Restaurant Name,0.0,1,0.0
Re: golf tourney,0.0,2,0.0
Re: missing a couple jumbos?,0.0,1,0.0
Re: one last thing...,0.0,1,0.0
Re: photos as a gift?,0.0,1,0.0
Robinson,0.0,1,0.0
Room for Tomorrow's Meeting,0.0,1,0.0
Rotation,0.0,2,0.0
Ryan Thomas Interview 6/19/01,0.0,1,0.0
SAP Logon ID and Password,0.0,3,0.0
SAP Process Audit,0.0,2,0.0
"SAVINGS PLAN TRANSITION PERIOD ENDS For All Employees who
 Participate in the Enron Corp Savings Plan",0.0,2,0.0
SCHEDULE DISCREP'S,0.0,3,0.0
SCR Event Reporting,0.0,1,0.0
SEPA and schedules,0.0,1,0.0
"SPP hourly trades have been incorporated into the Entergy hourly
 index",0.0,1,0.0
Saints,0.0,1,0.0
Re: visit,0.0,4,0.0
Re: we'll take care of you,0.0,1,0.0
Re: your 2nd round pick,0.0,1,0.0
Re:Trading track questions,0.0,1,0.0
Saturday night follow up,0.0,1,0.0
Scary Flood Pic,0.0,1,0.0
Schedule C Reserve,0.0,2,0.0
ScheduleC-Daily0301.xls,0.0,1,0.0
Scott Earnest Out of Office,0.0,1,0.0
Sending hourly indexes,0.0,1,0.0
September NCL Meeting,0.0,2,0.0
Services Presentation for Louise Kitchen,0.0,1,0.0
Shiner BockToberFest:,0.0,1,0.0
"Shop Now, Ship for Free--the Holidays Are Here",0.0,1,0.0
Showdown Shirts for Everyone!!!,0.0,1,0.0
Showstopper Report Status 8/14,0.0,1,0.0
Resume -  Joe,0.0,2,0.0
Revenue Model Dart Board,0.0,1,0.0
Revised Agenda,0.0,1,0.0
Risk Management Initiatives,0.0,1,0.0
So long,0.0,2,0.0
Social club initiates,0.0,1,0.0
Sorry,0.0,1,0.0
Soward,0.0,1,0.0
Special Enron Business Birthday Edition Now Online,0.0,1,0.0
Split Rock Energy LLC,0.0,1,0.0
Sprint ION(R) - Surf with a Seat Belt,0.0,1,0.0
Staff Meetings,0.0,2,0.0
Stage 1 CANCELLATION,0.0,1,0.0
Stan's Staff Mtg. Conference room EB49C2,0.0,1,0.0
Start 2002 with a NEW Car!!,0.0,1,0.0
Status on Hiring,0.0,2,0.0
Sally's Itinerary for Calgary 2/7-8/01,0.0,1,0.0
Sally's itinerary 1/2/01,0.0,1,0.0
Salon.com News By any means necessary,0.0,1,0.0
Sanjay Gupta Resume,0.0,1,0.0
System Notice 9/21/01,0.0,1,0.0
System outage nomination impact,0.0,4,0.0
Systems,0.0,2,0.0
T. Hall Final 1999 Exp Rpt,0.0,1,0.0
T. Hall's Exp Rpt for Your Apprvl,0.0,1,0.0
TMS Weekly Mtg. Conference room EB4102,0.0,1,0.0
TNE Index info attached,0.0,5,0.0
TSC Calculator,0.0,1,0.0
TV,0.0,2,0.0
TX Version of Survivor,0.0,1,0.0
Taliban life,0.0,1,0.0
Taylor,0.0,3,0.0
Sign of the Times,0.0,1,0.0
Signers for Same Day Wires,0.0,1,0.0
Ski trip????,0.0,2,0.0
Snapka's Holiday Benefits (all prodeeds go to Cindy!),0.0,2,0.0
Tentative conference call with Greg Whalley,0.0,1,0.0
Terry Jury Summons,0.0,1,0.0
Texas & HPLC Deals that end 2/28/00,0.0,1,0.0
Texas Desk - Post HPL,0.0,1,0.0
Texas EOL DATA,0.0,1,0.0
Texas vs. Michigan?,0.0,1,0.0
"Thanks for January 1, 2000",0.0,1,0.0
The Mighty Horns,0.0,3,0.0
The Montana Power Trading & Marketing Company,0.0,2,0.0
The TradersNews Cin and AEP hourly indexes have been posted,0.0,4,0.0
The TradersNews hourly indexes have been posted,0.0,1,0.0
The US military gets mightier,0.0,2,0.0
Steamboat Vacation information...,0.0,1,0.0
Steve Peace,0.0,1,0.0
"Subject:  Entergy OASIS outage between 01:00 and 05:00 CST on
 11/17/2001",0.0,1,0.0
Super Bowl Party - 2/3/02,0.0,2,0.0
Tim's Birthday,0.0,1,0.0
Time for Voting,0.0,1,0.0
Todd's REAL expense rprt,0.0,1,0.0
Total Transfer Capabilities,0.0,1,0.0
Trade,0.0,6,0.0
Trade?,0.0,1,0.0
TradeSpark SO2 & OTC NOx MPI 01/25/01,0.0,1,0.0
TradeSpark SO2 and OTC NOx MPI 02/23/01,0.0,4,0.0
Trader Access,0.0,1,0.0
TraderNews market commentary,0.0,2,0.0
Traders News Meeting Chuck & Miles,0.0,1,0.0
TradersNews,0.0,5,0.0
Team Leader Mtg. Conference room EB4102,0.0,2,0.0
Technical Support,0.0,1,0.0
Tell us how it's been clicking!,0.0,1,0.0
Telluride,0.0,3,0.0
TradersNews Password,0.0,1,0.0
TradersNews Power Account,0.0,1,0.0
TradersNews Power Account Activation,0.0,1,0.0
"TradersNews hourly indexes for ComEd, TVA and ERCOT attached",0.0,3,0.0
TradersNews market commentary attached,0.0,7,0.0
TradersNews market info,0.0,4,0.0
"TradersNews officially launches hourly indexes for ERCOT,
 ComEd/MAIN and TVA/SERC",0.0,2,0.0
TradersNews: Confirmation Request when possible,0.0,6,0.0
Trading Position,0.0,1,0.0
Trading Track PRC Evaluations due today,0.0,1,0.0
Transactions with Municipalities or Other Governmental Agencies,0.0,1,0.0
Transmission Agreements Meeting Tues. Jan. 29 10:00 a.m.,0.0,3,0.0
This is alot of concrete,0.0,1,0.0
Throughput Info,0.0,2,0.0
Thunderball presentation,0.0,2,0.0
Tiger recruiting #1,0.0,1,0.0
USBS Painewebber,0.0,1,0.0
USS Lexington in Corpus Christi Bay,0.0,1,0.0
UT Business Leadership Conference,0.0,1,0.0
UT Game,0.0,1,0.0
UT game,0.0,1,0.0
UT/A&M,0.0,1,0.0
UT/A&M football tourney,0.0,2,0.0
Upcoming Season,0.0,1,0.0
Update - ENA Confirmation Delivery System,0.0,2,0.0
Update - Trading Track Rotations,0.0,1,0.0
Update on review work on feeds,0.0,1,0.0
Update to Bus Pass Information,0.0,1,0.0
TradersNews Cinergy index shows massive hourly volumes for Feb. 1,0.0,3,0.0
TradersNews ComEd and TVA hourly indexes attached,0.0,1,0.0
TradersNews Energy Account Activation,0.0,3,0.0
TradersNews Energy new price reporting sheet,0.0,5,0.0
Updated info,0.0,2,0.0
Updated template,0.0,1,0.0
Updated: Richard Heidorn - Traders News Energy,0.0,1,0.0
User account activated,0.0,2,0.0
"Using TradersNews Energy Hourly Indexes in a Next-day Trading
 Strategy",0.0,1,0.0
Utility Term Sheet Form 1,0.0,2,0.0
V@R,0.0,1,0.0
VAR,0.0,2,0.0
VP PRC,0.0,1,0.0
VaR training,0.0,4,0.0
"Vacation - March 2, 3, and 6th",0.0,1,0.0
Vacation Scheduled - Contact List,0.0,1,0.0
Transmission Rates,0.0,3,0.0
Triple Lutz Notes,0.0,2,0.0
Trips,0.0,3,0.0
"UBSW Orientation - Thursday. For those that did not attend the
 Houstonian Sessions",0.0,2,0.0
Vegas,0.0,1,0.0
Vermont Yankee,0.0,1,0.0
Vermont Yankee Notification,0.0,5,0.0
Vermont Yankee Notification Update.,0.0,2,0.0
Vermont Yankee Status Update.,0.0,3,0.0
WARNING:  Your mailbox is approaching the size limit,0.0,2,0.0
WH DATA,0.0,1,0.0
"Wabash Valley Power Association, Inc.",0.0,2,0.0
We Got the Money!!,0.0,1,0.0
Website,0.0,1,0.0
Webtrader beta testing data from the hourly EPMI,0.0,1,0.0
Wedding Date Confirmation,0.0,1,0.0
Weekday Products,0.0,1,0.0
Update to Merger Q&A,0.0,2,0.0
Update to the MIF Meeting Presentations on the ISO Website,0.0,1,0.0
Updated Desk Info.,0.0,2,0.0
Weekly Mtg.,0.0,2,0.0
Weekly Report - Risk Issues,0.0,1,0.0
Weekly Report 5/22-5/26/00,0.0,1,0.0
Welcome to Chicago and ENA,0.0,2,0.0
Wellesley and ASE meetings,0.0,1,0.0
West Power,0.0,1,0.0
Western Area Power Administration,0.0,2,0.0
Wheatland unit2,0.0,2,0.0
Williams,0.0,3,0.0
Williams Customer First site,0.0,3,0.0
Winfield Technology,0.0,4,0.0
Year End 2000 Feedback Deadline,0.0,1,0.0
You Won't Believe These Rates!,0.0,1,0.0
"You're so money, baby",0.0,2,0.0
"Valley Electric Association, Inc.",0.0,1,0.0
Vandals,0.0,1,0.0
Your Birthday,0.0,1,0.0
Your E-mail,0.0,1,0.0
Your Houston Chronicle Subscriber Account Number,0.0,2,0.0
Your Username and Password,0.0,1,0.0
Your address is not serviceable,0.0,1,0.0
Your mailbox is over its size limit,0.0,1,0.0
[Fwd: James Vasquez],0.0,1,0.0
\\GTROS-FS01P\APPSRW,0.0,1,0.0
\\spr1inf1\sapfiles\ifout\04000\20020111-ENWC.XLS,0.0,1,0.0
adios,0.0,1,0.0
boat show,0.0,1,0.0
budget 2000,0.0,1,0.0
bullet points,0.0,1,0.0
check it out,0.0,1,0.0
Weekend PEP Support,0.0,1,0.0
Weekly Focus on Commercialization of Services,0.0,1,0.0
clarksdale generation,0.0,2,0.0
computer wallpaper- must have,0.0,3,0.0
congratulations,0.0,1,0.0
daily hoil & unlded cahrts 11/26,0.0,1,0.0
data,0.0,1,0.0
dead eye dick!,0.0,3,0.0
do you have any people working on Friday?,0.0,2,0.0
draft,0.0,1,0.0
eService Online New Member Information,0.0,2,0.0
"eThink About It: November 6, 2000",0.0,2,0.0
eValueMarketing  - N60 Cancellation,0.0,3,0.0
ene,0.0,1,0.0
energynewslive.com,0.0,3,0.0
engram,0.0,1,0.0
ffl dues,0.0,1,0.0
Your 2nd round pick,0.0,1,0.0
line-up,0.0,1,0.0
*Updated* Nightly Duties and MDEA Load sheets folder,0.0,2,0.0
- Inventory Collected from CN=Don Baughman/OU=HOU/O=ECT -,0.0,3,0.0
1,0.0,2,0.0
1/2/01 Preliminary DPR,0.0,1,0.0
1/5/00 P&L,0.0,2,0.0
10/9 dpr,0.0,1,0.0
12/05/200,0.0,2,0.0
2000 Accomplishments,0.0,1,0.0
2000 Audit,0.0,1,0.0
2001 Plan,0.0,1,0.0
2001 Plan vs 2000 Forecast Explanation,0.0,2,0.0
2002 Holiday Schedule,0.0,2,0.0
24 hour trading position,0.0,2,0.0
4/25/01 To Do List,0.0,1,0.0
"ACN Power, Inc.",0.0,1,0.0
checkout for 5/3 hourly deals,0.0,2,0.0
ACRONYM ADDITIONS TO THE P&L AND PRICE SHEET.,0.0,4,0.0
AEP-HPL Transition Issues,0.0,1,0.0
AES Eastern Energy LP,0.0,2,0.0
"AES NewEnergy,Inc.",0.0,3,0.0
ANALYST SURVEY CONCLUSION,0.0,1,0.0
ANP Marketing Company,0.0,1,0.0
"AXIA ENERGY, LP",0.0,1,0.0
Access to Mary Solmonson's e-mail,0.0,1,0.0
for our meeting this morning,0.0,1,0.0
from Katherine Corbally,0.0,1,0.0
hey don,0.0,2,0.0
homo,0.0,5,0.0
hourly checkout AECI HE 9 from 5-3-01,0.0,3,0.0
houses,0.0,2,0.0
sailing pics,0.0,1,0.0
(REVISED)  Vacation/Paternity Leave Scheduled,-1.0,1,-0.6931471805599453
[cheatsheets] Bad News - Ricky Williams,-1.0,1,-0.6931471805599453
RE: Tracking problem,-1.0,1,-0.6931471805599453
Re: I need your phone # to help your debt problem. [h7gmu],-1.0,1,-0.6931471805599453
JD Leave Early,-1.0,1,-0.6931471805599453
pc problems,-1.0,1,-0.6931471805599453
W-2 problems,-1.0,2,-1.0986122886681098
Vacation/Paternity Leave Scheduled,-1.0,3,-1.3862943611198906
